Census House Number,Main Material of Floor,Main Material of Walls,Main Material of Ceiling,Building Usage,Condition of Building,Number of People,Name of Head of Family,Gender,Rooms in House,Married Pairs,Drinking Water Source,Location of Water Sources,Light Source,Sanitation Facilities,Rest Room,Sewage Flow,In Premises Bathing Facilities,Cooking Gas,Cooking Fuel,Radio Transmitter,TV,Internet Connection,Laptop / Computer,Transportation Mode,Primary Consumed Food,Phone Number
101,Cement,Soil/Mud,Penkulu,House,Livable,2,Saraswathi Kapu,Female,1,0,Well,Community,Electricity,Shared by community,No,Septic tank,Bathroom,LPG/PNG,Biogas,Smartphone,DTH connection,Yes,Yes,Bike,Rice and Sambar,6161559407
102,Soil/Mud,Soil/Mud,Asbestos Sheets,Rent,Non Livable,10,Balaji Gupta,Male,5,2,Packaged water,In range of 500m,Solar power,Walkable distance,Yes,Rings,N/A,LPG/PNG,Electricity,Smartphone,Cable connection,Yes,Yes,ATB,Millets,7276483503
103,Cement,Stones,Other materials,House,Livable,10,Priya Kuruma,Female,2,2,Hand pump,In premises,Electricity,Shared by community,Yes,Rings,N/A,LPG/PNG,Electricity,N/A,Doordarshan,No,No,ATB,Chapati,9916697848
104,Stone-slab flooring,Tiles/Bricks,Burnt Bricks,Shop,Livable,5,Lakshmi Singh,Female,6,0,Purified water,Community,Kerosene,Walkable distance,No,Rings,Bathroom,LPG/PNG,Biogas,Smartphone,DTH connection,Yes,Yes,N/A,Ragi Mudde,6957015430
105,Tiles/Bricks,Cement,Concrete,House,Livable,2,Anand Gupta,Male,1,0,Well,In range of 500m,Electricity,Usage only for family,Yes,Rings,Bathroom,LPG/PNG,Biogas,Smartphone,Cable connection,Yes,Yes,Bike,Rice and Dal,7930103105
106,Mosaic / Vitrified tiles,Cement,Concrete,Shop,Livable,3,Kishore Kapu,Male,6,0,Packaged water,In range of 500m,Electricity,Usage only for family,Yes,Septic tank,Bathroom,N/A,Cow dung cakes,N/A,Cable connection,Yes,No,N/A,Wheat,7872624731
107,Mosaic / Vitrified tiles,Mosaic / Vitrified tiles,Stone,House,Livable,9,Thirupathi Nayak,Male,1,0,Hand pump,In premises,Electricity,Usage only for family,Yes,N/A,Bathroom,N/A,Grass (dry),Smartphone,N/A,No,No,Bike,Wheat,6980500978
108,Cement,Tiles/Bricks,Burnt Bricks,House,Livable,3,Bhavani Chary,Female,1,0,Other sources,In premises,Electricity,Shared by community,Yes,Rings,Bathroom,N/A,Wood,Smartphone,DTH connection,Yes,No,Bike,Wheat,6079911838
109,Mosaic / Vitrified tiles,Cement,Concrete,Devotional Place,Livable,3,Santosh Kumar,Male,4,0,Other sources,Community,Electricity,Walkable distance,Yes,Rings,N/A,LPG/PNG,Kerosene,Smartphone,DTH connection,Yes,No,N/A,Rice,8874016400
110,Soil/Mud,Tiles/Bricks,Concrete,House,Livable,12,Vijay Munnuru,Male,5,3,Other sources,Community,Solar power,Shared by community,Yes,Septic tank,Bathroom,N/A,Cow dung cakes,N/A,DTH connection,No,No,N/A,Pulao,9923226025
111,Cement,Soil/Mud,Asbestos Sheets,House,Non Livable,2,Vasantha Padmashali,Female,1,0,Hand pump,In premises,Solar power,Usage only for family,Yes,Septic tank,Bathroom,N/A,Biogas,Smartphone,DTH connection,Yes,No,Car,Dal Rice,6429401965
112,Tiles/Bricks,Cement,Polythene,Rent,Livable,7,Priya Uppara,Female,2,2,Other sources,Community,Kerosene,Shared by community,No,Septic tank,Bathroom,LPG/PNG,Electricity,Smartphone,Cable connection,No,No,Bike,Rice and Dal,8823662994
113,Stone-slab flooring,Stones,Concrete,House,Livable,10,Peddi Reddy,Male,6,3,Hand pump,In range of 500m,Any other,Shared by community,No,Septic tank,No roof,LPG/PNG,Cow dung cakes,N/A,DTH connection,No,No,Cycle,Wheat Roti and Sabzi,6769367632
114,Cement,Mosaic / Vitrified tiles,Burnt Bricks,School,Livable,8,Lakshmi Yadav,Female,1,0,Purified water,Community,Electricity,Shared by community,Yes,N/A,Bathroom,N/A,Electricity,Smartphone,DTH connection,No,No,Bike,Rice and Sambar,8873471434
115,Tiles/Bricks,Stones,Asbestos Sheets,House,Livable,12,Raghu Gupta,Male,6,1,Hand pump,In premises,Solar power,Usage only for family,No,N/A,Bathroom,N/A,Cow dung cakes,Smartphone,DTH connection,No,No,N/A,Millets,7734670656
116,Cement,Cement,Penkulu,Empty,Livable,0,N/A,N/A,2,0,Hand pump,In range of 500m,Electricity,Usage only for family,Yes,N/A,Bathroom,N/A,N/A,N/A,N/A,No,No,N/A,N/A,7719374529
117,Mosaic / Vitrified tiles,Tiles/Bricks,Concrete,House,Livable,11,Radha Pawar,Female,4,3,Packaged water,In premises,Kerosene,Usage only for family,No,N/A,No roof,LPG/PNG,Wood,Smartphone,DTH connection,Yes,No,Cycle,Rice and Dal,9165726284
118,Cement,Cement,Mud,House,Non Livable,10,Tulasi Erukala,Female,3,2,Other sources,In premises,Electricity,Shared by community,Yes,Septic tank,N/A,LPG/PNG,Electricity,Smartphone,N/A,Yes,No,Bike,Rice,7136783777
119,Cement,Cement,Concrete,House,Livable,5,Kavitha Balija,Female,2,1,Packaged water,In premises,Kerosene,Usage only for family,Yes,Septic tank,Bathroom,LPG/PNG,Electricity,Smartphone,DTH connection,Yes,No,N/A,Rice and Pickle,8134352408
120,Mosaic / Vitrified tiles,Cement,Concrete,Rent,Livable,3,Ramesh Sharma,Male,1,1,Hand pump,In premises,Electricity,Walkable distance,Yes,N/A,Bathroom,LPG/PNG,Solar cooker,Radio,Other,Yes,No,N/A,Rice,9999386774
121,Tiles/Bricks,Tiles/Bricks,Concrete,Rent,Livable,12,Aruna Boya,Female,7,0,Purified water,In premises,Electricity,Usage only for family,Yes,Rings,Bathroom,LPG/PNG,Biogas,Smartphone,Cable connection,Yes,No,N/A,Rice and Vegetables,7618324210
122,Cement,Cement,Other materials,Empty,Livable,0,N/A,N/A,2,0,Hand pump,Community,Electricity,Usage only for family,No,N/A,Bathroom,N/A,Wood,N/A,N/A,No,No,N/A,N/A,9565512567
123,Mosaic / Vitrified tiles,Mosaic / Vitrified tiles,Polythene,House,Livable,6,Madhavi Rao,Female,4,0,Packaged water,Community,Electricity,Shared by community,No,Rings,Bathroom,LPG/PNG,Electricity,Smartphone,N/A,Yes,No,Cycle,Rice and Vegetables,7248086131
124,Mosaic / Vitrified tiles,Other materials,Asbestos Sheets,House,Livable,9,Anil Goud,Male,4,2,Hand pump,In premises,No sunlight,Shared by community,No,N/A,Bathroom,N/A,Grass (dry),N/A,N/A,No,No,Car,Wheat Roti and Sabzi,9278755886
125,Tiles/Bricks,Mosaic / Vitrified tiles,Mud,Empty,Livable,0,N/A,N/A,2,0,Packaged water,Community,Solar power,Usage only for family,Yes,N/A,N/A,N/A,N/A,N/A,N/A,No,No,N/A,N/A,9158657809
126,Cement,Tiles/Bricks,Stone,Shop,Livable,2,Nirmala Velama,Female,6,0,Well,In premises,Electricity,Usage only for family,Yes,Septic tank,Bathroom,LPG/PNG,Solar cooker,Smartphone,Cable connection,Yes,No,ATB,Roti and Dal,7374740748
127,Cement,Stones,Asbestos Sheets,Empty,Livable,0,N/A,N/A,2,0,Other sources,In range of 500m,Electricity,Usage only for family,No,N/A,No roof,N/A,Wood,N/A,N/A,No,No,N/A,N/A,6047095214
128,Tiles/Bricks,Mosaic / Vitrified tiles,Concrete,Devotional Place,Livable,5,Vijay Dasari,Male,2,0,Packaged water,Community,Electricity,Usage only for family,No,Septic tank,N/A,N/A,Cow dung cakes,N/A,N/A,No,No,Cycle,Millets,9549651370
129,Cement,Stones,Concrete,Empty,Livable,0,N/A,N/A,1,0,Hand pump,In premises,Electricity,Usage only for family,Yes,N/A,Bathroom,N/A,Wood,N/A,N/A,No,No,N/A,N/A,7515850643
130,Soil/Mud,Mosaic / Vitrified tiles,Asbestos Sheets,House,Livable,3,Mahesh Naidu,Male,1,1,Well,In range of 500m,Electricity,Usage only for family,No,Septic tank,N/A,LPG/PNG,Kerosene,Smartphone,Cable connection,Yes,Yes,Cycle,Rice and Sambar,7950240268
131,Cement,Mosaic / Vitrified tiles,Mud,House,Livable,10,Srinivas Erukala,Male,4,0,Packaged water,In range of 500m,Electricity,Usage only for family,No,Septic tank,Bathroom,LPG/PNG,Solar cooker,Smartphone,DTH connection,No,No,Cycle,Wheat,8698478961
132,Cement,Mosaic / Vitrified tiles,Concrete,Shop,Livable,8,Sujatha Nayak,Female,2,0,River,In premises,Electricity,Usage only for family,No,Rings,Bathroom,LPG/PNG,Cow dung cakes,Smartphone,DTH connection,Yes,Yes,Cycle,Khichdi,8165604945
133,Tiles/Bricks,Tiles/Bricks,Asbestos Sheets,House,Livable,2,Sai Kamma,Male,2,0,Hand pump,Community,Solar power,Shared by community,No,Rings,No roof,LPG/PNG,Solar cooker,Radio,N/A,No,No,Bike,Rice,9120183667
134,Soil/Mud,Cement,Polythene,Shop,Non Livable,2,Naresh Boya,Male,1,0,Purified water,In premises,Electricity,Shared by community,Yes,Septic tank,Bathroom,LPG/PNG,Kerosene,Smartphone,Cable connection,Yes,No,Bike,Wheat Roti and Sabzi,6034324451
135,Cement,Cement,Asbestos Sheets,House,Livable,12,Madhu Uppara,Male,5,1,Well,Community,Electricity,Usage only for family,Yes,Septic tank,Bathroom,LPG/PNG,Solar cooker,Smartphone,N/A,Yes,Yes,N/A,Roti and Dal,8161369681
136,Stone-slab flooring,Soil/Mud,Asbestos Sheets,House,Non Livable,2,Kiran Madiga,Male,1,0,Well,In range of 500m,Electricity,Usage only for family,Yes,Septic tank,Bathroom,LPG/PNG,Biogas,Radio,N/A,No,No,Car,Jowar Roti,8527177449
137,Soil/Mud,Mosaic / Vitrified tiles,Concrete,House,Livable,1,Sai Kumar,Male,2,0,Hand pump,Community,Electricity,Shared by community,No,N/A,Bathroom,N/A,Cow dung cakes,Smartphone,DTH connection,Yes,Yes,Cycle,Idli and Rice,8182037788
138,Cement,Soil/Mud,Concrete,Empty,Livable,0,N/A,N/A,2,0,Well,In premises,Electricity,Usage only for family,Yes,N/A,N/A,N/A,N/A,N/A,N/A,No,No,N/A,N/A,8054235733
139,Cement,Mosaic / Vitrified tiles,Concrete,Rent,Livable,12,Thirupathi Yadav,Male,1,4,Hand pump,In premises,Electricity,Shared by community,No,N/A,No roof,LPG/PNG,Electricity,Smartphone,Cable connection,No,No,Bike,Wheat,9359774688
140,Cement,Mosaic / Vitrified tiles,Concrete,School,Livable,5,Prakash Mudiraj,Male,1,0,Purified water,In range of 500m,Solar power,Usage only for family,No,Septic tank,N/A,LPG/PNG,Electricity,N/A,Cable connection,No,Yes,Cycle,Roti and Dal,7615305152
141,Cement,Mosaic / Vitrified tiles,Mud,Shop,Livable,8,Mohan Erukala,Male,4,0,Well,In premises,No sunlight,Shared by community,Yes,N/A,Bathroom,LPG/PNG,Electricity,Smartphone,DTH connection,Yes,No,Bike,Millets,7246095396
142,Mosaic / Vitrified tiles,Cement,Mud,Rent,Livable,9,Raju Gupta,Male,5,3,Packaged water,In premises,Electricity,Usage only for family,No,Septic tank,Bathroom,LPG/PNG,Solar cooker,Smartphone,Other,Yes,Yes,Bike,Rice and Dal,7772217043
143,Tiles/Bricks,Mosaic / Vitrified tiles,Stone,House,Livable,7,Satish Rao,Male,4,2,Well,In range of 500m,Solar power,Usage only for family,Yes,Septic tank,N/A,N/A,Electricity,Smartphone,Cable connection,No,No,Car,Chapati,9169284511
144,Cement,Cement,Other materials,House,Livable,3,Mohan Boya,Male,2,1,Hand pump,In premises,Electricity,Walkable distance,Yes,Rings,Bathroom,LPG/PNG,Biogas,Smartphone,Other,Yes,No,Bike,Rice,7556909275
145,Tiles/Bricks,Tiles/Bricks,Concrete,Rent,Livable,7,Yellaiah Kumar,Male,3,2,Hand pump,In premises,Electricity,Usage only for family,Yes,Septic tank,N/A,LPG/PNG,Biogas,Smartphone,N/A,Yes,No,N/A,Rice and Dal,6551884422
146,Soil/Mud,Cement,Asbestos Sheets,House,Livable,3,Anjali Velama,Female,2,1,Packaged water,Community,Electricity,Usage only for family,Yes,N/A,No roof,LPG/PNG,Biogas,N/A,N/A,Yes,No,Bike,Jowar Roti,8289226801
147,Cement,Cement,Mud,Empty,Broken,0,N/A,N/A,3,0,Hand pump,Community,Electricity,Usage only for family,Yes,N/A,Bathroom,N/A,N/A,N/A,N/A,No,No,N/A,N/A,9844736471
148,Other materials,Tiles/Bricks,Asbestos Sheets,House,Livable,6,Venu Vaddera,Male,3,2,Hand pump,In premises,Electricity,Usage only for family,Yes,Septic tank,Bathroom,LPG/PNG,Solar cooker,Smartphone,DTH connection,No,No,Bike,Rice and Sambar,9877470168
149,Mosaic / Vitrified tiles,Cement,Concrete,Rent,Livable,5,Kishore Kamma,Male,3,1,Hand pump,In range of 500m,Electricity,Walkable distance,No,N/A,Bathroom,LPG/PNG,Solar cooker,Smartphone,DTH connection,Yes,No,N/A,Wheat,6216558523
150,Cement,Stones,Concrete,House,Livable,12,Shanthi Jangam,Female,7,2,Hand pump,In premises,Electricity,Usage only for family,No,Rings,Bathroom,LPG/PNG,Biogas,Smartphone,DTH connection,Yes,No,Bike,Jowar Roti,9940974993
151,Mosaic / Vitrified tiles,Tiles/Bricks,Concrete,House,Livable,10,Sarojini Erukala,Female,2,3,River,In premises,Electricity,Usage only for family,Yes,Septic tank,Bathroom,LPG/PNG,Electricity,N/A,N/A,No,No,N/A,Roti and Dal,9527858549
152,Tiles/Bricks,Cement,Asbestos Sheets,Rent,Livable,5,Kishore Kapu,Male,3,1,Well,In range of 500m,Solar power,Usage only for family,Yes,Rings,Bathroom,N/A,Kerosene,N/A,DTH connection,No,No,Bike,Rice and Dal,8733848421
153,Soil/Mud,Stones,Concrete,House,Livable,9,Sarojini Padmashali,Female,2,1,Purified water,In range of 500m,Electricity,Shared by community,No,Septic tank,N/A,N/A,Grass (dry),Smartphone,DTH connection,No,No,Cycle,Rice and Vegetables,6262067240
154,Other materials,Cement,Concrete,Empty,Livable,0,N/A,N/A,2,0,Other sources,In range of 500m,Electricity,Usage only for family,Yes,N/A,Bathroom,N/A,Wood,N/A,N/A,No,No,N/A,N/A,7046374549
155,Cement,Mosaic / Vitrified tiles,Concrete,Shop,Livable,3,Bharathi Sharma,Female,4,0,Packaged water,Community,Electricity,Walkable distance,Yes,Septic tank,N/A,LPG/PNG,Electricity,N/A,N/A,No,No,N/A,Chapati,7918785191
156,Tiles/Bricks,Tiles/Bricks,Concrete,House,Livable,3,Jagadish Jangam,Male,2,1,Purified water,Community,Solar power,Usage only for family,Yes,Rings,Bathroom,LPG/PNG,Biogas,Smartphone,Other,Yes,No,Car,Rice,8180170462
157,Soil/Mud,Other materials,Asbestos Sheets,House,Non Livable,8,Pochamma Golla,Female,4,2,Purified water,In range of 500m,Electricity,Walkable distance,Yes,Septic tank,N/A,N/A,Cow dung cakes,N/A,N/A,No,No,Bike,Roti and Dal,7431069033
158,Stones,Tiles/Bricks,Asbestos Sheets,House,Livable,1,Shiva Rao,Male,1,0,Packaged water,In premises,Electricity,Usage only for family,No,Rings,Bathroom,LPG/PNG,Solar cooker,Smartphone,DTH connection,Yes,No,Bike,Wheat,6892687056
159,Tiles/Bricks,Tiles/Bricks,Concrete,House,Livable,3,Priya Golla,Female,2,1,Purified water,Community,Electricity,Usage only for family,Yes,Rings,Bathroom,LPG/PNG,Electricity,Radio,DTH connection,No,No,Cycle,Rice and Dal,6139837354
160,Cement,Stones,Stone,Empty,Broken,0,N/A,N/A,2,0,Well,In premises,Electricity,Usage only for family,No,N/A,Bathroom,N/A,Wood,N/A,N/A,No,No,N/A,N/A,8235369378
161,Cement,Tiles/Bricks,Concrete,House,Non Livable,6,Renuka Thogata,Female,2,1,Hand pump,Community,Electricity,Usage only for family,No,N/A,No roof,N/A,Grass (dry),N/A,N/A,No,No,Bike,Rice and Vegetables,9700886008
162,Soil/Mud,Soil/Mud,Mud,House,Non Livable,11,Tulasi Balija,Female,2,3,Well,Community,Solar power,Usage only for family,Yes,Septic tank,Bathroom,LPG/PNG,Biogas,Smartphone,Other,Yes,No,N/A,Rice and Sambar,6666870021
163,Soil/Mud,Cement,Asbestos Sheets,Rent,Non Livable,2,Murali Madiga,Male,1,0,Hand pump,In premises,No sunlight,Shared by community,Yes,Rings,No roof,LPG/PNG,Biogas,Radio,Doordarshan,No,No,N/A,Wheat,7968562185
164,Soil/Mud,Tiles/Bricks,Other materials,Hotel,Livable,7,Murali Velama,Male,3,0,Hand pump,In premises,No sunlight,Usage only for family,No,Rings,Bathroom,LPG/PNG,Biogas,Smartphone,DTH connection,Yes,No,ATB,Rice and Fish,8511047541
165,Tiles/Bricks,Cement,Concrete,House,Livable,7,Naveen Uppara,Male,1,0,Packaged water,In range of 500m,Electricity,Usage only for family,No,Rings,No roof,N/A,Wood,Smartphone,DTH connection,Yes,Yes,Bike,Rice,7646471543
166,Mosaic / Vitrified tiles,Stone-slab flooring,Concrete,House,Livable,1,Renuka Mudiraj,Female,2,0,Hand pump,In premises,Solar power,Shared by community,Yes,Septic tank,No roof,N/A,Grass (dry),Smartphone,DTH connection,Yes,No,ATB,Rice and Pickle,7564651939
167,Cement,Cement,Polythene,House,Non Livable,12,Naresh Nayak,N/A,4,1,Packaged water,In range of 500m,Kerosene,Usage only for family,Yes,Septic tank,Bathroom,LPG/PNG,Electricity,Smartphone,Cable connection,Yes,No,N/A,Rice and Curry,9805891135
168,Other materials,Stones,Mud,Rent,Livable,11,Lakshman Rao,Male,3,3,Well,Community,Electricity,Shared by community,Yes,Septic tank,Bathroom,N/A,Cow dung cakes,Smartphone,Doordarshan,Yes,Yes,Bike,Khichdi,6254573875
169,Mosaic / Vitrified tiles,Cement,Concrete,House,Livable,12,Pavan Kummari,Male,1,0,Purified water,In range of 500m,Electricity,Usage only for family,Yes,Rings,N/A,LPG/PNG,Electricity,Smartphone,DTH connection,Yes,Yes,Car,Rice,9603341918
170,Cement,Cement,Concrete,House,Livable,8,Ashok Mudiraj,Male,3,2,Well,In range of 500m,Electricity,Walkable distance,No,Septic tank,No roof,LPG/PNG,Kerosene,Smartphone,DTH connection,Yes,No,Car,Rice and Dal,7966278282
171,Cement,Tiles/Bricks,Concrete,House,Livable,1,Vijay Setty,Male,1,0,Hand pump,Community,Electricity,Usage only for family,No,Septic tank,Bathroom,LPG/PNG,Biogas,Smartphone,DTH connection,Yes,Yes,N/A,Millets,9881914858
172,Stones,Soil/Mud,Other materials,Empty,Broken,0,N/A,N/A,3,0,Hand pump,In premises,Solar power,Usage only for family,Yes,N/A,Bathroom,N/A,N/A,N/A,N/A,No,No,N/A,N/A,8494812604
173,Soil/Mud,Stones,Stone,Hotel,Non Livable,7,Apparao Lambadi,Male,4,0,Well,In premises,Solar power,Shared by community,Yes,Rings,No roof,N/A,Grass (dry),Smartphone,N/A,Yes,No,Cycle,Rice and Pickle,8186363745
174,Soil/Mud,Cement,Concrete,Rent,Livable,8,Swathi Nayak,Female,1,2,Purified water,In range of 500m,Electricity,Usage only for family,No,Septic tank,N/A,N/A,Electricity,Smartphone,N/A,No,No,Cycle,Jowar Roti,7064361103
175,Mosaic / Vitrified tiles,Other materials,Concrete,House,Livable,1,Vijay Pawar,Male,2,0,Purified water,In premises,Electricity,Shared by community,Yes,Septic tank,N/A,LPG/PNG,Biogas,Smartphone,N/A,Yes,Yes,Car,Rice,7753269731
176,Tiles/Bricks,Cement,Asbestos Sheets,Rent,Livable,7,Vijaya Singh,Female,2,2,Hand pump,Community,Electricity,Walkable distance,Yes,N/A,N/A,LPG/PNG,Solar cooker,Smartphone,Cable connection,Yes,No,N/A,Wheat,9137918055
177,Soil/Mud,Tiles/Bricks,Asbestos Sheets,House,Livable,3,Peddi Rathod,Male,1,1,Purified water,In premises,Solar power,Shared by community,No,Rings,Bathroom,N/A,Wood,Smartphone,DTH connection,Yes,No,Car,Rice,7856914630
178,Soil/Mud,Tiles/Bricks,Mud,House,Livable,5,Murali Singh,Male,1,1,Hand pump,In premises,Electricity,Walkable distance,Yes,Septic tank,No roof,N/A,Cow dung cakes,Smartphone,DTH connection,No,No,Bike,Rice and Pickle,6778507925
179,Mosaic / Vitrified tiles,Soil/Mud,Concrete,Devotional Place,Livable,2,Mallesh Yadav,Male,2,0,Purified water,In premises,Electricity,Walkable distance,Yes,N/A,Bathroom,N/A,Cow dung cakes,Smartphone,DTH connection,Yes,No,Bike,Chapati,8180238061
180,Tiles/Bricks,Mosaic / Vitrified tiles,Concrete,House,Livable,1,Nirmala Boya,Female,1,0,Well,In premises,Any other,Walkable distance,No,Rings,Bathroom,N/A,Wood,N/A,Cable connection,Yes,No,ATB,Rice,8064138367
181,Tiles/Bricks,Stones,Burnt Bricks,House,Broken,9,Manga Kapu,Female,3,3,Hand pump,Community,Electricity,Shared by community,Yes,Rings,Bathroom,LPG/PNG,Biogas,N/A,N/A,No,No,Bike,Dal Rice,7912127756
182,Mosaic / Vitrified tiles,Tiles/Bricks,Concrete,House,Livable,2,Santosh Kamma,Male,1,0,Hand pump,In premises,Solar power,Usage only for family,No,N/A,Bathroom,LPG/PNG,Electricity,N/A,N/A,Yes,No,Car,Millets,6712100323
183,Tiles/Bricks,Cement,Concrete,Rent,Livable,2,Rajeshwari Gupta,Female,1,0,Purified water,In range of 500m,Solar power,Usage only for family,No,Septic tank,N/A,LPG/PNG,Biogas,Smartphone,DTH connection,Yes,No,N/A,Wheat,9209993476
184,Cement,Mosaic / Vitrified tiles,Concrete,House,Livable,7,Kalyani Sharma,Female,2,1,Other sources,In range of 500m,Electricity,Shared by community,Yes,N/A,Bathroom,LPG/PNG,Electricity,Smartphone,N/A,Yes,No,Cycle,Wheat Roti and Sabzi,8932133480
185,Soil/Mud,Stones,Asbestos Sheets,Hospital,Non Livable,6,Geetha Rathod,Female,2,0,River,In range of 500m,Electricity,Shared by community,No,Rings,No roof,LPG/PNG,Biogas,N/A,DTH connection,No,Yes,Bike,Rice,9059325250
186,Tiles/Bricks,Mosaic / Vitrified tiles,Penkulu,School,Non Livable,6,Krishna Goud,Male,1,0,Purified water,In premises,Electricity,Usage only for family,No,N/A,N/A,LPG/PNG,Electricity,N/A,N/A,No,No,Car,Rice,8422096902
187,Mosaic / Vitrified tiles,Tiles/Bricks,Other materials,Rent,Livable,8,Mahalakshmi Velama,Female,3,1,Purified water,In range of 500m,Electricity,Shared by community,No,N/A,Bathroom,LPG/PNG,Electricity,Radio,Doordarshan,No,No,N/A,Rice and Pickle,9765861793
188,Tiles/Bricks,Stone-slab flooring,Concrete,House,Livable,2,Srinivas Rao,Male,2,0,Hand pump,In range of 500m,Electricity,Shared by community,Yes,Rings,Bathroom,N/A,Wood,N/A,Doordarshan,Yes,Yes,Bike,Bajra Roti,8443106987
189,Tiles/Bricks,Soil/Mud,Stone,House,Livable,11,Naresh Reddy,Male,4,3,Well,In premises,Solar power,Usage only for family,Yes,Rings,No roof,LPG/PNG,Electricity,Smartphone,DTH connection,No,No,Bike,Rice,8902115869
190,Mosaic / Vitrified tiles,Cement,Penkulu,Hotel,Livable,8,Venkatesh Mangali,Male,5,0,Other sources,Community,Electricity,Walkable distance,No,Rings,No roof,LPG/PNG,Biogas,Smartphone,N/A,No,No,Bike,Wheat Roti and Sabzi,9329451168
191,Stones,Tiles/Bricks,Penkulu,Empty,Broken,0,N/A,N/A,3,0,Hand pump,In premises,Electricity,Shared by community,No,N/A,No roof,N/A,Wood,N/A,N/A,No,No,N/A,N/A,8307450544
192,Soil/Mud,Tiles/Bricks,Stone,Empty,Broken,0,N/A,N/A,2,0,Well,In premises,Solar power,Shared by community,No,N/A,N/A,N/A,N/A,N/A,N/A,No,No,N/A,N/A,8786103579
193,Soil/Mud,Soil/Mud,Concrete,Rent,Livable,5,Kalyani Pawar,Female,2,0,Packaged water,In premises,Electricity,Usage only for family,Yes,Rings,Bathroom,N/A,Biogas,Smartphone,DTH connection,Yes,Yes,N/A,Rice,8466574374
194,Cement,Cement,Asbestos Sheets,Rent,Livable,11,Mahalakshmi Kuruma,Female,5,2,Purified water,In premises,Any other,Shared by community,No,Septic tank,No roof,N/A,Wood,Smartphone,N/A,No,No,Car,Jowar Roti,7074466609
195,Mosaic / Vitrified tiles,Mosaic / Vitrified tiles,Concrete,House,Livable,11,Ramadevi Mudiraj,Female,6,3,Hand pump,In range of 500m,Solar power,Walkable distance,Yes,Septic tank,Bathroom,LPG/PNG,Biogas,Smartphone,Cable connection,Yes,No,Cycle,Rice and Dal,8655494717
196,Tiles/Bricks,Cement,Concrete,Rent,Livable,8,Bhaskar Pawar,Male,5,1,Hand pump,In range of 500m,Electricity,Walkable distance,Yes,N/A,N/A,N/A,Wood,N/A,Doordarshan,Yes,No,N/A,Wheat,6074329271
197,Tiles/Bricks,Stones,Other materials,Empty,Broken,0,N/A,N/A,1,0,Other sources,In range of 500m,Electricity,Usage only for family,Yes,N/A,Bathroom,N/A,N/A,N/A,N/A,No,No,N/A,N/A,7260332309
198,Cement,Soil/Mud,Penkulu,House,Livable,9,Nagaraj Rao,Male,1,3,Packaged water,In premises,Electricity,Usage only for family,Yes,Septic tank,No roof,LPG/PNG,Solar cooker,Radio,Doordarshan,No,No,N/A,Rice and Dal,6891411739
199,Tiles/Bricks,Soil/Mud,Concrete,Empty,Livable,0,N/A,N/A,2,0,Well,In range of 500m,Electricity,Usage only for family,No,N/A,N/A,N/A,N/A,N/A,N/A,No,No,N/A,N/A,9110022557
200,Cement,Cement,Concrete,House,Livable,8,Deepak Setty,Male,4,2,Other sources,In premises,Electricity,Shared by community,No,N/A,Bathroom,N/A,Grass (dry),Smartphone,Cable connection,Yes,No,Car,Rice and Curry,7771670145
201,Mosaic / Vitrified tiles,Cement,Concrete,Shop,Livable,4,Ramana Budiga,Male,6,0,Hand pump,In premises,Kerosene,Usage only for family,No,Rings,Bathroom,N/A,Electricity,Smartphone,N/A,Yes,No,Bike,Roti and Dal,7175354083
202,Cement,Mosaic / Vitrified tiles,Concrete,Hotel,Livable,8,Nagamani Kuruma,Female,5,0,Purified water,Community,Kerosene,Usage only for family,Yes,Rings,Bathroom,LPG/PNG,Solar cooker,Smartphone,Cable connection,Yes,Yes,ATB,Dal Rice,8037589975
203,Mosaic / Vitrified tiles,Mosaic / Vitrified tiles,Asbestos Sheets,Shop,Livable,6,Sujatha Yadav,Female,3,0,Hand pump,Community,Electricity,Usage only for family,Yes,Rings,No roof,LPG/PNG,Solar cooker,Smartphone,DTH connection,No,No,N/A,Rice,9091779827
204,Mosaic / Vitrified tiles,Mosaic / Vitrified tiles,Concrete,Rent,Livable,10,Madhu Sharma,Male,5,3,Purified water,In range of 500m,Electricity,Shared by community,Yes,Septic tank,N/A,LPG/PNG,Solar cooker,Smartphone,DTH connection,Yes,No,Bike,Chapati,7698485833
205,Stones,Other materials,Penkulu,Empty,Broken,0,N/A,N/A,3,0,River,In premises,Electricity,Usage only for family,No,N/A,No roof,N/A,N/A,N/A,N/A,No,No,N/A,N/A,6571983863
206,Soil/Mud,Stones,Mud,Empty,Broken,0,N/A,N/A,3,0,Packaged water,In range of 500m,Electricity,Usage only for family,Yes,N/A,Bathroom,N/A,Wood,N/A,N/A,No,No,N/A,N/A,7940572025
207,Mosaic / Vitrified tiles,Stone-slab flooring,Asbestos Sheets,House,Non Livable,6,Anand Nayak,Male,2,2,Purified water,Community,Electricity,Usage only for family,No,Rings,Bathroom,LPG/PNG,Biogas,Smartphone,Cable connection,Yes,No,ATB,Rice,8739930561
208,Cement,Tiles/Bricks,Concrete,House,Livable,6,Raghu Balija,Male,4,2,Well,In premises,Electricity,Walkable distance,No,Rings,No roof,LPG/PNG,Solar cooker,Smartphone,Other,Yes,Yes,N/A,Pulao,9120750110
209,Tiles/Bricks,Tiles/Bricks,Penkulu,House,Non Livable,5,Harish Nayak,Male,2,1,Well,In premises,Electricity,Shared by community,Yes,Rings,Bathroom,N/A,Wood,Smartphone,Cable connection,Yes,No,Bike,Rice and Rasam,9607283268
210,Stone-slab flooring,Stones,Mud,House,Non Livable,12,Bhaskar Goud,Male,1,2,Purified water,Community,Electricity,Walkable distance,Yes,Rings,N/A,LPG/PNG,Electricity,Smartphone,DTH connection,Yes,Yes,N/A,Rice,7908781414
211,Tiles/Bricks,Tiles/Bricks,Stone,House,Livable,3,Satyam Pawar,Male,1,1,Hand pump,In premises,Kerosene,Shared by community,Yes,Rings,N/A,N/A,Wood,Smartphone,Cable connection,No,No,Bike,Jowar Roti,8777547812
212,Mosaic / Vitrified tiles,Cement,Concrete,Hospital,Livable,4,Kavitha Kapu,Female,3,0,Other sources,In range of 500m,Electricity,Walkable distance,Yes,N/A,Bathroom,LPG/PNG,Electricity,N/A,N/A,No,No,N/A,Rice and Vegetables,8278816580
213,Cement,Cement,Concrete,Shop,Livable,3,Mahalakshmi Chary,Female,2,0,Purified water,Community,No sunlight,Usage only for family,No,Septic tank,Bathroom,LPG/PNG,Solar cooker,Smartphone,DTH connection,No,No,Cycle,Jowar Roti,6844989266
214,Stones,Mosaic / Vitrified tiles,Concrete,Rent,Livable,4,Nagaraj Kumar,Male,2,1,Hand pump,Community,Electricity,Usage only for family,Yes,Septic tank,No roof,LPG/PNG,Electricity,Smartphone,DTH connection,Yes,Yes,N/A,Rice and Fish,9773926030
215,Tiles/Bricks,Mosaic / Vitrified tiles,Concrete,House,Livable,10,Krishna Chary,Male,1,1,Hand pump,In range of 500m,Electricity,Walkable distance,No,N/A,N/A,LPG/PNG,Solar cooker,Smartphone,DTH connection,Yes,No,Cycle,Rice and Vegetables,7984257991
216,Cement,Tiles/Bricks,Other materials,House,Livable,9,Balaji Patil,Male,2,3,Hand pump,In range of 500m,Electricity,Shared by community,Yes,Rings,N/A,LPG/PNG,Wood,N/A,Cable connection,No,No,ATB,Rice and Dal,9659916247
217,Cement,Mosaic / Vitrified tiles,Concrete,Rent,Livable,5,Kavitha Balija,Female,1,1,Purified water,In premises,Kerosene,Shared by community,Yes,Septic tank,Bathroom,LPG/PNG,Electricity,N/A,DTH connection,No,No,N/A,Rice and Dal,9258874495
218,Mosaic / Vitrified tiles,Mosaic / Vitrified tiles,Penkulu,Hospital,Livable,4,Shanthi Patil,Female,4,0,Hand pump,In range of 500m,Solar power,Shared by community,No,Septic tank,Bathroom,LPG/PNG,Biogas,N/A,N/A,No,No,Bike,Rice and Vegetables,9698490277
219,Cement,Cement,Concrete,House,Livable,10,Thirupathi Budiga,Male,5,3,Well,Community,Any other,Usage only for family,Yes,Septic tank,No roof,LPG/PNG,Electricity,Radio,N/A,No,No,Car,Rice and Vegetables,8439376904
220,Mosaic / Vitrified tiles,Mosaic / Vitrified tiles,Concrete,Rent,Livable,6,Sai Yadav,Male,3,0,River,In range of 500m,Electricity,Shared by community,No,N/A,Bathroom,LPG/PNG,Solar cooker,Radio,Doordarshan,Yes,No,N/A,Jowar Roti,7565880434
221,Soil/Mud,Stones,Mud,Empty,Broken,0,N/A,N/A,2,0,Packaged water,In range of 500m,Electricity,Shared by community,No,N/A,Bathroom,N/A,Wood,N/A,N/A,No,No,N/A,N/A,9284639208
222,Stones,Tiles/Bricks,Asbestos Sheets,House,Non Livable,3,Padma Jangam,Female,1,1,Purified water,In premises,Electricity,Usage only for family,Yes,Septic tank,Bathroom,LPG/PNG,Electricity,Smartphone,Cable connection,Yes,Yes,N/A,Rice and Dal,9472929314
223,Mosaic / Vitrified tiles,Tiles/Bricks,Concrete,Hospital,Livable,3,Madhavi Uppara,Female,4,0,Other sources,In range of 500m,Electricity,Shared by community,No,Septic tank,No roof,LPG/PNG,Electricity,Smartphone,Other,Yes,No,ATB,Roti and Dal,8455884506
224,Stones,Cement,Concrete,Rent,Livable,9,Ramana Mudiraj,Male,3,1,Packaged water,In range of 500m,Electricity,Usage only for family,No,Septic tank,Bathroom,N/A,Wood,Smartphone,Other,Yes,Yes,Bike,Rice,8449647598
225,Tiles/Bricks,Cement,Concrete,House,Livable,12,Vasantha Chary,Female,6,1,Well,In premises,Electricity,Walkable distance,Yes,Septic tank,No roof,LPG/PNG,Biogas,Smartphone,DTH connection,Yes,No,Bike,Rice,8722820055
226,Other materials,Cement,Stone,Empty,Livable,0,N/A,N/A,1,0,Hand pump,Community,Electricity,Shared by community,No,N/A,Bathroom,N/A,Wood,N/A,N/A,No,No,N/A,N/A,9493085368
227,Cement,Cement,Concrete,Hotel,Livable,2,Apparao Mangali,Male,4,0,Hand pump,Community,Electricity,Shared by community,Yes,Septic tank,Bathroom,LPG/PNG,Kerosene,Smartphone,Cable connection,Yes,No,Bike,Wheat,7080214427
228,Mosaic / Vitrified tiles,Cement,Asbestos Sheets,House,Livable,6,Geetha Gupta,Female,3,2,River,In premises,Electricity,Shared by community,Yes,Septic tank,Bathroom,LPG/PNG,Electricity,N/A,DTH connection,No,No,N/A,Rice and Dal,9303718376
229,Soil/Mud,Tiles/Bricks,Penkulu,House,Non Livable,12,Vani Lambadi,Female,5,4,Well,In premises,Kerosene,Walkable distance,Yes,Septic tank,Bathroom,N/A,Cow dung cakes,Smartphone,N/A,Yes,No,ATB,Bajra Roti,7513271950
230,Soil/Mud,Other materials,Asbestos Sheets,Shop,Non Livable,3,Nagaraj Goud,Male,4,0,Packaged water,In range of 500m,Electricity,Usage only for family,No,Septic tank,Bathroom,N/A,Grass (dry),Smartphone,Cable connection,Yes,Yes,Bike,Rice and Dal,9498218274
231,Cement,Stones,Penkulu,House,Non Livable,9,Tulasi Chakali,Female,2,3,Hand pump,In premises,Electricity,Walkable distance,No,Septic tank,No roof,N/A,Wood,Smartphone,DTH connection,Yes,Yes,ATB,Rice,7203173109
232,Tiles/Bricks,Cement,Mud,Rent,Livable,5,Nagamani Thogata,Female,2,0,Other sources,Community,No sunlight,Walkable distance,Yes,Rings,Bathroom,N/A,Electricity,N/A,Doordarshan,No,No,N/A,Rice and Curry,6381138633
233,Mosaic / Vitrified tiles,Mosaic / Vitrified tiles,Concrete,Rent,Livable,12,Kishore Rathod,Male,4,4,Lake,Community,Electricity,Usage only for family,No,Rings,Bathroom,LPG/PNG,Electricity,Smartphone,N/A,No,No,N/A,Rice and Dal,9593983684
234,Other materials,Cement,Concrete,Empty,Livable,0,N/A,N/A,1,0,Other sources,In premises,Electricity,Usage only for family,No,N/A,N/A,N/A,N/A,N/A,N/A,No,No,N/A,N/A,9931572791
235,Cement,Mosaic / Vitrified tiles,Concrete,House,Livable,6,Ramadevi Mangali,Female,4,2,Well,Community,Electricity,Usage only for family,No,Septic tank,Bathroom,LPG/PNG,Electricity,Smartphone,DTH connection,Yes,Yes,N/A,Rice and Dal,9998136462
236,Stones,Stones,Concrete,Rent,Livable,7,Gopal Erukala,Male,1,2,Packaged water,Community,Electricity,Usage only for family,Yes,Rings,N/A,LPG/PNG,Electricity,Smartphone,Cable connection,Yes,No,Cycle,Rice and Dal,8535590425
237,Soil/Mud,Stones,Asbestos Sheets,Empty,Broken,0,N/A,N/A,3,0,Purified water,In premises,No sunlight,Walkable distance,Yes,N/A,Bathroom,N/A,Wood,N/A,N/A,No,No,N/A,N/A,8204394070
238,Other materials,Cement,Concrete,Devotional Place,Livable,7,Laxmamma Chakali,Female,2,0,Other sources,Community,Electricity,Usage only for family,Yes,N/A,No roof,N/A,Wood,N/A,Cable connection,No,Yes,ATB,Rice and Dal,8384046084
239,Other materials,Cement,Concrete,Shop,Livable,7,Deepak Kuruma,Male,5,0,Well,In premises,Electricity,Walkable distance,No,Septic tank,Bathroom,LPG/PNG,Kerosene,Smartphone,N/A,No,No,Car,Rice,7925188125
240,Tiles/Bricks,Cement,Asbestos Sheets,Shop,Non Livable,7,Manga Naidu,Female,4,0,Hand pump,Community,Electricity,Usage only for family,Yes,Septic tank,N/A,LPG/PNG,Solar cooker,Smartphone,DTH connection,Yes,Yes,Cycle,Rice and Sambar,7897526772
241,Stones,Soil/Mud,Concrete,House,Broken,7,Ganesh Rao,Male,2,1,Other sources,In range of 500m,Electricity,Usage only for family,Yes,Septic tank,Bathroom,LPG/PNG,Biogas,Smartphone,Cable connection,Yes,No,Car,Millets,6817703886
242,Tiles/Bricks,Cement,Asbestos Sheets,House,Non Livable,1,Gopal Nayak,N/A,2,0,Well,In premises,Electricity,Walkable distance,No,N/A,Bathroom,LPG/PNG,Cow dung cakes,Smartphone,Cable connection,Yes,No,Car,Rice and Dal,8702793714
243,Cement,Stone-slab flooring,Concrete,Shop,Livable,2,Nagaraj Chary,Male,6,0,Well,In range of 500m,Electricity,Walkable distance,Yes,Septic tank,No roof,N/A,Cow dung cakes,Smartphone,N/A,Yes,Yes,N/A,Rice and Dal,8742123094
244,Cement,Cement,Concrete,Rent,Livable,8,Prasad Thogata,Male,2,1,Purified water,Community,Electricity,Shared by community,Yes,Rings,N/A,LPG/PNG,Kerosene,Smartphone,N/A,Yes,No,N/A,Wheat,6016224999
245,Mosaic / Vitrified tiles,Tiles/Bricks,Concrete,Shop,Livable,1,Devi Vaddera,Female,1,0,Packaged water,In range of 500m,Solar power,Usage only for family,Yes,Septic tank,N/A,LPG/PNG,Electricity,Smartphone,DTH connection,Yes,No,N/A,Millets,6794695489
246,Mosaic / Vitrified tiles,Mosaic / Vitrified tiles,Asbestos Sheets,Rent,Livable,12,Apparao Patil,N/A,4,3,Well,In premises,Electricity,Usage only for family,No,Rings,Bathroom,LPG/PNG,Electricity,Radio,N/A,No,No,ATB,Wheat,6448850155
247,Cement,Cement,Mud,Hotel,Livable,6,Anand Naidu,Male,6,0,Purified water,In premises,Electricity,Walkable distance,No,Rings,N/A,N/A,Wood,Smartphone,Cable connection,Yes,No,Cycle,Rice and Vegetables,8512405682
248,Soil/Mud,Tiles/Bricks,Burnt Bricks,Rent,Non Livable,5,Nagamani Setty,Female,3,1,Well,Community,Any other,Usage only for family,Yes,Septic tank,No roof,N/A,Solar cooker,Smartphone,Cable connection,Yes,No,Bike,Ragi Mudde,8521823076
249,Tiles/Bricks,Soil/Mud,Penkulu,House,Broken,10,Bhavani Singh,Female,3,0,Lake,In premises,Electricity,Usage only for family,No,Septic tank,Bathroom,LPG/PNG,Electricity,Smartphone,DTH connection,Yes,Yes,Cycle,Rice and Vegetables,6385854249
250,Soil/Mud,Mosaic / Vitrified tiles,Penkulu,Rent,Livable,8,Srinivas Boya,Male,2,0,Well,In premises,Electricity,Shared by community,No,Rings,No roof,LPG/PNG,Electricity,Smartphone,Other,Yes,No,Cycle,Ragi Mudde,9921717477
251,Tiles/Bricks,Mosaic / Vitrified tiles,Asbestos Sheets,Devotional Place,Livable,6,Ganesh Goud,Male,4,0,Packaged water,In premises,Electricity,Usage only for family,Yes,Rings,N/A,LPG/PNG,Electricity,Smartphone,DTH connection,Yes,No,Cycle,Millets,6487696393
252,Mosaic / Vitrified tiles,Stones,Concrete,House,Livable,12,Venu Mangali,Male,4,4,Hand pump,In premises,Kerosene,Usage only for family,No,Rings,Bathroom,LPG/PNG,Electricity,Smartphone,DTH connection,No,Yes,Cycle,Chapati,9570132902
253,Cement,Tiles/Bricks,Concrete,House,Livable,8,Pushpa Dasari,Female,2,1,Other sources,In premises,No sunlight,Usage only for family,No,Septic tank,Bathroom,LPG/PNG,Biogas,Smartphone,DTH connection,Yes,No,Car,Rice,8140369656
254,Mosaic / Vitrified tiles,Stone-slab flooring,Concrete,House,Livable,3,Murali Dasari,Male,2,1,Well,In range of 500m,Electricity,Usage only for family,No,Septic tank,N/A,LPG/PNG,Biogas,Smartphone,Other,Yes,No,N/A,Bajra Roti,9927868765
255,Tiles/Bricks,Stone-slab flooring,Penkulu,Rent,Non Livable,4,Murali Reddy,Male,2,1,Other sources,Community,Kerosene,Usage only for family,Yes,Rings,Bathroom,N/A,Biogas,N/A,Cable connection,No,No,Cycle,Roti and Dal,6894905807
256,Tiles/Bricks,Cement,Concrete,Shop,Livable,5,Venu Rathod,Male,3,0,Well,In range of 500m,Electricity,Shared by community,Yes,Rings,No roof,LPG/PNG,Biogas,Radio,Doordarshan,No,No,Bike,Rice and Vegetables,8401929275
257,Other materials,Stones,Asbestos Sheets,House,Non Livable,1,Jyothi Padmashali,Female,1,0,Packaged water,In range of 500m,Electricity,Usage only for family,No,Rings,Bathroom,LPG/PNG,Biogas,Radio,N/A,No,No,Bike,Roti and Dal,7667428604
258,Cement,Stones,Other materials,Shop,Broken,1,Pushpa Mangali,Female,1,0,Hand pump,In range of 500m,Solar power,Usage only for family,Yes,Septic tank,No roof,LPG/PNG,Biogas,Smartphone,Cable connection,Yes,Yes,Bike,Bajra Roti,7580010618
259,Cement,Soil/Mud,Concrete,House,Livable,4,Pavan Mala,Male,1,0,Other sources,In premises,Electricity,Usage only for family,No,Septic tank,No roof,LPG/PNG,Biogas,Smartphone,DTH connection,No,No,Bike,Jowar Roti,6746542140
260,Stone-slab flooring,Mosaic / Vitrified tiles,Stone,House,Non Livable,3,Deepak Sharma,Male,1,1,Purified water,Community,Electricity,Shared by community,Yes,Rings,N/A,N/A,Wood,Radio,DTH connection,No,No,Cycle,Rice and Vegetables,6642569087
261,Cement,Mosaic / Vitrified tiles,Asbestos Sheets,Rent,Livable,12,Sekhar Kumar,Male,1,3,River,In premises,Electricity,Walkable distance,Yes,Rings,N/A,LPG/PNG,Electricity,Smartphone,DTH connection,Yes,Yes,Bike,Rice,9157173203
262,Cement,Mosaic / Vitrified tiles,Concrete,House,Livable,9,Krishna Padmashali,Male,4,2,Other sources,In premises,Electricity,Walkable distance,Yes,Septic tank,N/A,LPG/PNG,Electricity,Smartphone,DTH connection,No,No,Cycle,Rice,6790320204
263,Stone-slab flooring,Cement,Mud,Rent,Non Livable,2,Radha Vaddera,Female,1,0,Packaged water,In premises,Solar power,Walkable distance,No,Septic tank,N/A,LPG/PNG,Kerosene,N/A,N/A,No,No,Cycle,Rice,9258273902
264,Soil/Mud,Tiles/Bricks,Penkulu,School,Livable,8,Thirupathi Mangali,Male,1,0,Lake,In range of 500m,Electricity,Walkable distance,No,Rings,Bathroom,LPG/PNG,Electricity,Smartphone,Cable connection,No,No,Bike,Dal Rice,8560833181
265,Soil/Mud,Soil/Mud,Mud,House,Non Livable,11,Tulasi Jangam,Female,3,1,Packaged water,In range of 500m,Electricity,Usage only for family,No,Septic tank,Bathroom,LPG/PNG,Electricity,Smartphone,Cable connection,No,Yes,Car,Rice,6781137995
266,Mosaic / Vitrified tiles,Mosaic / Vitrified tiles,Asbestos Sheets,House,Livable,4,Madhu Lambadi,Male,1,0,Well,Community,Electricity,Walkable distance,Yes,N/A,Bathroom,LPG/PNG,Kerosene,Smartphone,N/A,Yes,Yes,Cycle,Bajra Roti,6421776253
267,Other materials,Mosaic / Vitrified tiles,Penkulu,School,Livable,3,Susheela Chary,Female,5,0,Packaged water,Community,Any other,Shared by community,No,Septic tank,No roof,N/A,Wood,Smartphone,N/A,Yes,No,Cycle,Rice and Vegetables,6600780686
268,Mosaic / Vitrified tiles,Tiles/Bricks,Asbestos Sheets,House,Livable,9,Narsimha Yadav,Male,4,0,Hand pump,In premises,Electricity,Usage only for family,No,N/A,No roof,LPG/PNG,Electricity,Smartphone,DTH connection,No,No,Bike,Rice and Vegetables,6658046498
269,Mosaic / Vitrified tiles,Tiles/Bricks,Asbestos Sheets,Rent,Livable,1,Parvathi Gupta,Female,2,0,Hand pump,In premises,Electricity,Shared by community,Yes,Rings,Bathroom,N/A,Wood,Smartphone,N/A,Yes,No,N/A,Rice,7554864015
270,Mosaic / Vitrified tiles,Mosaic / Vitrified tiles,Concrete,Rent,Livable,12,Prasad Jangam,Male,6,4,Well,Community,Kerosene,Walkable distance,No,Septic tank,N/A,LPG/PNG,Electricity,Smartphone,DTH connection,No,No,Cycle,Rice,7804682756
271,Stone-slab flooring,Cement,Concrete,House,Livable,4,Nagaraj Naidu,Male,3,1,Packaged water,Community,Kerosene,Shared by community,Yes,Rings,No roof,N/A,Wood,Smartphone,DTH connection,Yes,Yes,N/A,Rice,8729284222
272,Tiles/Bricks,Tiles/Bricks,Concrete,Empty,Livable,0,N/A,N/A,2,0,Purified water,In premises,Electricity,Usage only for family,No,N/A,Bathroom,N/A,Wood,N/A,N/A,No,No,N/A,N/A,9028140693
273,Tiles/Bricks,Mosaic / Vitrified tiles,Concrete,Rent,Livable,5,Venkatesh Mudiraj,Male,1,1,Other sources,In range of 500m,Electricity,Usage only for family,Yes,Rings,Bathroom,LPG/PNG,Electricity,Smartphone,DTH connection,Yes,Yes,Bike,Wheat,9813767426
274,Stone-slab flooring,Other materials,Concrete,Hotel,Livable,3,Vasantha Patil,Female,2,0,Well,In range of 500m,Electricity,Usage only for family,Yes,Rings,Bathroom,LPG/PNG,Electricity,Smartphone,DTH connection,No,No,Bike,Chapati,8947873002
275,Cement,Cement,Asbestos Sheets,House,Livable,5,Bhaskar Erukala,Male,1,1,Purified water,In premises,Any other,Usage only for family,No,Rings,No roof,N/A,Cow dung cakes,Smartphone,DTH connection,Yes,No,Car,Rice and Curry,7902572520
276,Tiles/Bricks,Cement,Concrete,House,Livable,11,Chandra Mala,Male,5,0,Hand pump,In premises,Electricity,Usage only for family,No,N/A,Bathroom,N/A,Wood,Smartphone,DTH connection,Yes,Yes,Bike,Rice and Sambar,9521328338
277,Cement,Tiles/Bricks,Concrete,Shop,Livable,2,Bhavani Dasari,Female,4,0,Other sources,Community,Electricity,Usage only for family,No,N/A,No roof,N/A,Wood,Smartphone,Other,Yes,Yes,N/A,Rice,7423216110
278,Soil/Mud,Tiles/Bricks,Asbestos Sheets,House,Livable,11,Aruna Rao,Female,5,3,Purified water,Community,Solar power,Walkable distance,No,Septic tank,N/A,LPG/PNG,Electricity,Radio,N/A,No,No,Bike,Roti and Dal,7891190833
279,Tiles/Bricks,Stones,Mud,House,Non Livable,4,Rani Dasari,Female,3,1,Lake,In premises,Solar power,Walkable distance,Yes,Rings,Bathroom,N/A,Wood,Smartphone,Cable connection,Yes,No,Bike,Rice and Fish,6571647947
280,Mosaic / Vitrified tiles,Mosaic / Vitrified tiles,Other materials,Empty,Livable,0,N/A,N/A,1,0,Well,In premises,Kerosene,Shared by community,No,N/A,No roof,N/A,N/A,N/A,N/A,No,No,N/A,N/A,8657967842
281,Soil/Mud,Soil/Mud,Stone,Empty,Broken,0,N/A,N/A,3,0,Other sources,In premises,Kerosene,Usage only for family,No,N/A,Bathroom,N/A,Wood,N/A,N/A,No,No,N/A,N/A,6028427624
282,Cement,Tiles/Bricks,Penkulu,Shop,Livable,8,Ramadevi Thogata,Female,4,0,Well,Community,Electricity,Shared by community,No,Septic tank,Bathroom,LPG/PNG,Kerosene,Smartphone,Cable connection,No,No,Bike,Rice and Dal,8650333491
283,Cement,Mosaic / Vitrified tiles,Concrete,House,Livable,9,Sunitha Boya,Female,1,2,Other sources,In premises,Kerosene,Shared by community,No,Septic tank,Bathroom,LPG/PNG,Biogas,Smartphone,DTH connection,Yes,No,N/A,Rice and Dal,8563718344
284,Mosaic / Vitrified tiles,Tiles/Bricks,Asbestos Sheets,School,Livable,2,Anand Kuruma,Male,6,0,Purified water,In range of 500m,Electricity,Usage only for family,No,Rings,Bathroom,N/A,Grass (dry),Smartphone,DTH connection,Yes,No,Bike,Rice and Sambar,7082973748
285,Cement,Tiles/Bricks,Concrete,Shop,Livable,4,Aruna Rathod,Female,3,0,Packaged water,In range of 500m,Electricity,Walkable distance,No,Rings,N/A,LPG/PNG,Electricity,Smartphone,DTH connection,Yes,Yes,Cycle,Rice,8778660324
286,Cement,Soil/Mud,Concrete,Shop,Livable,1,Harish Kapu,Male,6,0,Purified water,Community,Solar power,Walkable distance,Yes,Septic tank,No roof,LPG/PNG,Biogas,Smartphone,DTH connection,Yes,No,N/A,Roti and Dal,8713915596
287,Stones,Mosaic / Vitrified tiles,Penkulu,House,Livable,4,Bharathi Uppara,Female,2,1,Hand pump,Community,Electricity,Shared by community,Yes,Septic tank,Bathroom,N/A,Wood,Smartphone,DTH connection,Yes,No,N/A,Rice,6348645183
288,Tiles/Bricks,Mosaic / Vitrified tiles,Asbestos Sheets,Devotional Place,Livable,5,Nagamani Reddy,Female,3,0,Well,In range of 500m,Any oil,Shared by community,No,N/A,Bathroom,LPG/PNG,Biogas,N/A,Cable connection,No,No,N/A,Pulao,6248156985
289,Stones,Cement,Asbestos Sheets,Rent,Livable,8,Suresh Sharma,Male,1,1,Purified water,In premises,Electricity,Walkable distance,No,N/A,N/A,N/A,Cow dung cakes,Smartphone,Cable connection,Yes,Yes,ATB,Chapati,8316526693
290,Tiles/Bricks,Mosaic / Vitrified tiles,Mud,Rent,Livable,2,Suresh Nayak,Male,1,0,Hand pump,Community,Electricity,Walkable distance,Yes,Rings,Bathroom,LPG/PNG,Biogas,N/A,Cable connection,No,No,N/A,Chapati,8476263934
291,Soil/Mud,Tiles/Bricks,Mud,House,Non Livable,1,Savithri Golla,Female,2,0,Hand pump,Community,Electricity,Usage only for family,No,N/A,Bathroom,LPG/PNG,Electricity,Smartphone,DTH connection,Yes,No,Cycle,Rice and Rasam,9599004896
292,Soil/Mud,Stone-slab flooring,Concrete,House,Non Livable,1,Sekhar Chakali,Male,1,0,Packaged water,In premises,Electricity,Shared by community,Yes,Septic tank,Bathroom,LPG/PNG,Biogas,N/A,N/A,No,No,Car,Rice and Sambar,8856257287
293,Cement,Tiles/Bricks,Concrete,House,Livable,5,Rajesh Sharma,Male,3,1,Hand pump,In premises,Any other,Shared by community,Yes,Septic tank,No roof,LPG/PNG,Electricity,Smartphone,Other,Yes,No,N/A,Millets,7908926137
294,Stone-slab flooring,Other materials,Asbestos Sheets,Empty,Broken,0,N/A,N/A,2,0,Purified water,In premises,Solar power,Shared by community,No,N/A,No roof,N/A,Wood,N/A,N/A,No,No,N/A,N/A,9423610326
295,Stones,Tiles/Bricks,Asbestos Sheets,House,Livable,7,Pochamma Goud,Female,2,2,Well,In premises,Electricity,Usage only for family,Yes,Septic tank,Bathroom,LPG/PNG,Electricity,Smartphone,Cable connection,Yes,No,ATB,Rice and Vegetables,7788147617
296,Soil/Mud,Tiles/Bricks,Mud,Hospital,Livable,5,Vijay Boya,Male,5,0,Purified water,In premises,Electricity,Shared by community,Yes,Septic tank,Bathroom,LPG/PNG,Electricity,Smartphone,DTH connection,Yes,Yes,Bike,Rice,8597794523
297,Stones,Soil/Mud,Concrete,Devotional Place,Livable,1,Madhu Munnuru,Male,1,0,Hand pump,In premises,Kerosene,Shared by community,No,Septic tank,N/A,LPG/PNG,Solar cooker,N/A,N/A,No,No,Bike,Chapati,7037236831
298,Other materials,Cement,Concrete,House,Livable,3,Srikanth Goud,Male,2,1,Hand pump,In premises,Electricity,Walkable distance,Yes,Septic tank,No roof,N/A,Biogas,N/A,Other,No,No,Bike,Roti and Dal,9308069581
299,Cement,Soil/Mud,Asbestos Sheets,Devotional Place,Livable,6,Nagaraj Golla,Male,4,0,Well,In premises,Electricity,Usage only for family,No,Septic tank,No roof,N/A,Cow dung cakes,Smartphone,Cable connection,Yes,No,N/A,Jowar Roti,8729341722
300,Tiles/Bricks,Soil/Mud,Mud,House,Livable,8,Shiva Thogata,Male,2,2,Other sources,In premises,Electricity,Walkable distance,No,Septic tank,Bathroom,LPG/PNG,Solar cooker,Smartphone,DTH connection,Yes,No,Bike,Rice,8289107711
301,Cement,Mosaic / Vitrified tiles,Other materials,Hotel,Livable,2,Mahalakshmi Yadav,Female,2,0,Purified water,In premises,Electricity,Shared by community,No,Septic tank,No roof,LPG/PNG,Kerosene,N/A,Cable connection,No,No,N/A,Rice and Dal,7145653286
302,Mosaic / Vitrified tiles,Stones,Concrete,House,Livable,8,Vijaya Uppara,Female,3,2,River,Community,Electricity,Usage only for family,Yes,N/A,Bathroom,LPG/PNG,Wood,N/A,Other,Yes,No,N/A,Chapati,8668455048
303,Cement,Cement,Concrete,House,Livable,9,Manga Kuruma,Female,5,3,Packaged water,In premises,Electricity,Usage only for family,Yes,Septic tank,No roof,N/A,Wood,N/A,Doordarshan,No,No,N/A,Rice,6894346810
304,Tiles/Bricks,Cement,Concrete,House,Livable,11,Jyothi Jangam,Female,4,0,Other sources,In range of 500m,Any other,Shared by community,No,Rings,Bathroom,LPG/PNG,Electricity,Smartphone,Cable connection,No,No,Car,Wheat,8893571266
305,Stones,Cement,Concrete,Devotional Place,Livable,8,Venkatesh Uppara,Male,1,0,Hand pump,In premises,Electricity,Usage only for family,Yes,Septic tank,N/A,LPG/PNG,Biogas,N/A,Doordarshan,Yes,No,Cycle,Bajra Roti,6377028519
306,Stones,Other materials,Asbestos Sheets,House,Livable,9,Sujatha Singh,Female,1,1,Hand pump,In range of 500m,Electricity,Shared by community,Yes,N/A,N/A,LPG/PNG,Biogas,Smartphone,DTH connection,Yes,No,Bike,Rice and Vegetables,9567922877
307,Tiles/Bricks,Stones,Concrete,House,Livable,10,Manga Lambadi,Female,4,3,Other sources,In range of 500m,Kerosene,Shared by community,No,Rings,No roof,N/A,Cow dung cakes,Smartphone,Cable connection,Yes,Yes,Car,Rice and Vegetables,6983780182
308,Mosaic / Vitrified tiles,Cement,Concrete,House,Livable,10,Kumari Kamma,Female,1,3,Purified water,In range of 500m,Electricity,Usage only for family,Yes,N/A,Bathroom,LPG/PNG,Kerosene,Radio,Doordarshan,Yes,Yes,Cycle,Wheat,9209520046
309,Tiles/Bricks,Mosaic / Vitrified tiles,Concrete,Devotional Place,Livable,2,Rajesh Golla,Male,1,0,Hand pump,In range of 500m,Electricity,Usage only for family,Yes,Rings,Bathroom,LPG/PNG,Electricity,Smartphone,DTH connection,No,No,Bike,Millets,7496718325
310,Soil/Mud,Stones,Concrete,Rent,Livable,9,Prakash Padmashali,Male,1,3,Well,In range of 500m,Electricity,Walkable distance,Yes,Rings,N/A,LPG/PNG,Electricity,Smartphone,Cable connection,Yes,Yes,N/A,Millets,8161284639
311,Soil/Mud,Other materials,Mud,Devotional Place,Broken,8,Narsimha Lambadi,Male,3,0,Hand pump,Community,Electricity,Shared by community,No,Septic tank,Bathroom,N/A,Cow dung cakes,Smartphone,Cable connection,No,No,N/A,Jowar Roti,6807156956
312,Tiles/Bricks,Soil/Mud,Asbestos Sheets,House,Livable,4,Mallesh Reddy,Male,1,1,Other sources,In premises,Electricity,Shared by community,Yes,Rings,Bathroom,LPG/PNG,Electricity,Smartphone,Cable connection,No,No,N/A,Rice and Dal,8987283999
313,Mosaic / Vitrified tiles,Tiles/Bricks,Concrete,Shop,Livable,4,Krishna Patil,Male,5,0,Purified water,In range of 500m,Kerosene,Shared by community,No,N/A,Bathroom,LPG/PNG,Solar cooker,Smartphone,DTH connection,No,No,Cycle,Roti and Dal,9580304687
314,Mosaic / Vitrified tiles,Mosaic / Vitrified tiles,Mud,House,Non Livable,1,Sekhar Mudiraj,Male,2,0,Well,In premises,Electricity,Usage only for family,Yes,Septic tank,No roof,N/A,Kerosene,Smartphone,N/A,Yes,No,N/A,Roti and Dal,7199717911
315,Mosaic / Vitrified tiles,Tiles/Bricks,Penkulu,House,Non Livable,2,Padma Mangali,Female,1,0,Hand pump,In premises,Kerosene,Shared by community,Yes,Septic tank,Bathroom,N/A,Wood,Smartphone,Doordarshan,Yes,No,N/A,Pulao,6507859311
316,Stone-slab flooring,Tiles/Bricks,Burnt Bricks,Rent,Non Livable,10,Apparao Kumar,Male,6,1,Hand pump,In premises,Electricity,Usage only for family,Yes,Rings,Bathroom,LPG/PNG,Electricity,Smartphone,DTH connection,Yes,No,Car,Wheat,6892038806
317,Cement,Stones,Concrete,School,Livable,8,Satish Mudiraj,Male,6,0,Packaged water,Community,Electricity,Usage only for family,Yes,Septic tank,N/A,N/A,Grass (dry),N/A,N/A,No,No,Bike,Rice and Sambar,8636205015
318,Other materials,Tiles/Bricks,Asbestos Sheets,House,Livable,10,Anil Goud,Male,1,2,Well,In premises,Electricity,Walkable distance,Yes,Septic tank,Bathroom,LPG/PNG,Kerosene,N/A,N/A,Yes,No,Bike,Rice,9355289611
319,Other materials,Tiles/Bricks,Mud,House,Livable,6,Vijay Mudiraj,Male,4,2,Hand pump,In premises,Electricity,Walkable distance,Yes,Septic tank,No roof,N/A,Kerosene,N/A,DTH connection,No,No,ATB,Rice,9857872558
320,Tiles/Bricks,Tiles/Bricks,Concrete,House,Livable,10,Renuka Erukala,Female,2,0,Well,In premises,Any oil,Shared by community,No,Septic tank,No roof,LPG/PNG,Cow dung cakes,Smartphone,Cable connection,Yes,No,ATB,Rice and Dal,9665754602
321,Cement,Mosaic / Vitrified tiles,Other materials,House,Livable,9,Harish Kumar,Male,5,3,Purified water,In premises,Electricity,Usage only for family,Yes,Septic tank,Bathroom,N/A,Cow dung cakes,Smartphone,N/A,Yes,No,N/A,Rice and Fish,8044566907
322,Stone-slab flooring,Cement,Asbestos Sheets,House,Non Livable,4,Manga Kuruma,Female,1,1,River,Community,Solar power,Usage only for family,Yes,N/A,No roof,LPG/PNG,Electricity,Smartphone,Cable connection,Yes,Yes,N/A,Rice,8536668459
323,Cement,Mosaic / Vitrified tiles,Other materials,Empty,Livable,0,N/A,N/A,2,0,Hand pump,In premises,Electricity,Walkable distance,Yes,N/A,Bathroom,N/A,N/A,N/A,N/A,No,No,N/A,N/A,6705802566
324,Mosaic / Vitrified tiles,Tiles/Bricks,Concrete,Shop,Livable,4,Chandra Erukala,Male,2,0,Lake,In premises,Electricity,Usage only for family,Yes,Rings,Bathroom,LPG/PNG,Biogas,Smartphone,Cable connection,No,No,Car,Roti and Dal,9901475469
325,Tiles/Bricks,Stones,Asbestos Sheets,House,Non Livable,12,Devi Golla,Female,4,3,Purified water,Community,Electricity,Walkable distance,Yes,N/A,Bathroom,LPG/PNG,Grass (dry),Smartphone,N/A,No,No,Cycle,Rice and Dal,6856724380
326,Soil/Mud,Soil/Mud,Concrete,House,Non Livable,4,Srinivas Vaddera,Male,1,1,Well,Community,Electricity,Usage only for family,Yes,Septic tank,N/A,LPG/PNG,Biogas,N/A,Doordarshan,Yes,Yes,Bike,Millets,9210427523
327,Cement,Cement,Penkulu,House,Livable,11,Tulasi Kamma,Female,6,3,River,In premises,Electricity,Usage only for family,Yes,Septic tank,Bathroom,N/A,Wood,Radio,Doordarshan,Yes,No,ATB,Rice,6220681558
328,Tiles/Bricks,Tiles/Bricks,Asbestos Sheets,Empty,Livable,0,N/A,N/A,2,0,Purified water,In premises,Electricity,Usage only for family,Yes,N/A,N/A,N/A,N/A,N/A,N/A,No,No,N/A,N/A,9150997683
329,Soil/Mud,Tiles/Bricks,Penkulu,House,Non Livable,4,Yellaiah Singh,Male,1,1,Purified water,In premises,Electricity,Walkable distance,Yes,N/A,No roof,LPG/PNG,Electricity,Smartphone,Cable connection,No,No,Bike,Rice,8533803396
330,Soil/Mud,Other materials,Other materials,Rent,Livable,8,Naveen Kummari,Male,2,0,Purified water,In premises,Electricity,Walkable distance,Yes,Rings,Bathroom,LPG/PNG,Electricity,Smartphone,Cable connection,Yes,No,Car,Rice and Pickle,7471566277
331,Cement,Tiles/Bricks,Mud,Shop,Non Livable,8,Lakshman Uppara,Male,1,0,Other sources,In premises,Electricity,Shared by community,Yes,Septic tank,Bathroom,LPG/PNG,Solar cooker,Smartphone,Cable connection,Yes,Yes,N/A,Rice,8766656749
332,Mosaic / Vitrified tiles,Mosaic / Vitrified tiles,Asbestos Sheets,House,Livable,4,Ramesh Singh,Male,2,1,River,Community,Electricity,Usage only for family,Yes,Septic tank,Bathroom,LPG/PNG,Biogas,Smartphone,Doordarshan,Yes,No,Cycle,Rice and Vegetables,7439920116
333,Tiles/Bricks,Tiles/Bricks,Other materials,Rent,Livable,7,Krishna Gupta,Male,4,1,Lake,In premises,Electricity,Usage only for family,No,Rings,Bathroom,LPG/PNG,Biogas,Smartphone,Cable connection,Yes,No,Bike,Wheat,7701168646
334,Mosaic / Vitrified tiles,Stones,Concrete,Shop,Livable,3,Naresh Setty,Male,5,0,Well,In premises,Electricity,Shared by community,Yes,N/A,Bathroom,LPG/PNG,Solar cooker,N/A,DTH connection,Yes,No,Bike,Rice and Dal,7771004090
335,Mosaic / Vitrified tiles,Cement,Asbestos Sheets,House,Livable,5,Hari Reddy,Male,2,1,River,In premises,Electricity,Usage only for family,Yes,Septic tank,No roof,N/A,Kerosene,N/A,N/A,Yes,No,N/A,Rice and Rasam,6918435797
336,Mosaic / Vitrified tiles,Mosaic / Vitrified tiles,Concrete,House,Livable,6,Raju Mudiraj,Male,3,0,Lake,In premises,Electricity,Shared by community,No,Septic tank,N/A,N/A,Grass (dry),Smartphone,DTH connection,Yes,No,Car,Bajra Roti,6271487271
337,Cement,Cement,Stone,House,Livable,11,Raghu Padmashali,Male,1,0,Other sources,In range of 500m,Solar power,Usage only for family,Yes,Rings,N/A,LPG/PNG,Kerosene,Smartphone,DTH connection,Yes,No,N/A,Rice and Rasam,6566863341
338,Stones,Mosaic / Vitrified tiles,Other materials,House,Livable,4,Anil Gupta,Male,3,0,Hand pump,In premises,Electricity,Shared by community,No,N/A,Bathroom,LPG/PNG,Solar cooker,Smartphone,Cable connection,Yes,Yes,Bike,Millets,9524377294
339,Other materials,Cement,Concrete,Rent,Livable,12,Raju Rao,Male,3,0,Packaged water,Community,Kerosene,Usage only for family,No,Septic tank,N/A,LPG/PNG,Biogas,N/A,Doordarshan,No,No,Bike,Rice and Dal,7086567566
340,Soil/Mud,Stones,Burnt Bricks,House,Broken,9,Satyam Balija,Male,1,3,Packaged water,In range of 500m,Kerosene,Usage only for family,Yes,Septic tank,No roof,LPG/PNG,Kerosene,Smartphone,Cable connection,Yes,Yes,N/A,Rice and Vegetables,7662015720
341,Soil/Mud,Tiles/Bricks,Mud,Rent,Broken,7,Sai Madiga,Male,1,1,Hand pump,In premises,Kerosene,Shared by community,No,Rings,Bathroom,LPG/PNG,Biogas,Smartphone,DTH connection,Yes,Yes,Cycle,Rice,7099974192
342,Stones,Cement,Concrete,House,Livable,6,Nagaraj Uppara,Male,2,0,Packaged water,In range of 500m,Electricity,Usage only for family,No,Rings,N/A,LPG/PNG,Biogas,Smartphone,DTH connection,Yes,No,ATB,Rice,9510293218
343,Tiles/Bricks,Other materials,Concrete,House,Livable,5,Yellaiah Rao,Male,3,1,Well,In premises,No sunlight,Walkable distance,Yes,Rings,Bathroom,LPG/PNG,Electricity,N/A,N/A,No,No,ATB,Rice,6324329839
344,Cement,Mosaic / Vitrified tiles,Concrete,House,Livable,7,Vijay Uppara,Male,4,1,Other sources,In premises,Electricity,Shared by community,Yes,Rings,No roof,N/A,Cow dung cakes,Smartphone,DTH connection,Yes,No,Bike,Rice and Sambar,9093141818
345,Tiles/Bricks,Tiles/Bricks,Other materials,House,Livable,5,Deepak Gupta,Male,1,1,Well,In range of 500m,Solar power,Usage only for family,Yes,N/A,No roof,N/A,Wood,Smartphone,DTH connection,Yes,Yes,Cycle,Rice,8625889679
346,Cement,Tiles/Bricks,Other materials,Shop,Livable,3,Ravi Jangam,Male,4,0,Hand pump,In premises,Solar power,Shared by community,Yes,Rings,Bathroom,LPG/PNG,Electricity,Smartphone,Cable connection,No,No,Bike,Rice and Vegetables,6465111312
347,Cement,Cement,Other materials,Rent,Livable,1,Kavitha Balija,Female,1,0,Other sources,Community,Electricity,Shared by community,No,Rings,No roof,N/A,Cow dung cakes,Smartphone,N/A,Yes,No,N/A,Millets,6972832152
348,Mosaic / Vitrified tiles,Mosaic / Vitrified tiles,Concrete,House,Livable,2,Venkatesh Uppara,Male,1,0,Well,Community,Electricity,Usage only for family,No,Septic tank,N/A,N/A,Biogas,Smartphone,N/A,No,No,Cycle,Rice,9545105265
349,Mosaic / Vitrified tiles,Soil/Mud,Concrete,House,Livable,3,Murali Thogata,Male,1,1,Well,Community,Electricity,Usage only for family,No,Rings,Bathroom,N/A,Cow dung cakes,Smartphone,Cable connection,Yes,Yes,N/A,Bajra Roti,6340266502
350,Mosaic / Vitrified tiles,Mosaic / Vitrified tiles,Concrete,House,Livable,8,Kalyani Kapu,Female,3,1,River,Community,Solar power,Usage only for family,No,N/A,Bathroom,LPG/PNG,Wood,Smartphone,Other,Yes,No,Car,Rice,9447163928
351,Soil/Mud,Stones,Asbestos Sheets,Empty,Broken,0,N/A,N/A,2,0,River,Community,Electricity,Walkable distance,Yes,N/A,Bathroom,N/A,N/A,N/A,N/A,No,No,N/A,N/A,8145456350
352,Tiles/Bricks,Mosaic / Vitrified tiles,Asbestos Sheets,House,Livable,10,Raju Lambadi,Male,4,0,Well,In premises,Electricity,Shared by community,No,Septic tank,No roof,LPG/PNG,Biogas,Smartphone,Cable connection,Yes,Yes,Bike,Pulao,7910933711
353,Tiles/Bricks,Tiles/Bricks,Concrete,House,Livable,4,Mahalakshmi Madiga,Female,3,1,River,In range of 500m,Solar power,Walkable distance,Yes,Septic tank,Bathroom,LPG/PNG,Kerosene,Smartphone,Cable connection,Yes,No,N/A,Rice,8240903678
354,Cement,Tiles/Bricks,Polythene,House,Livable,9,Sunitha Chary,Female,4,3,Hand pump,Community,Electricity,Walkable distance,Yes,Rings,No roof,LPG/PNG,Biogas,Smartphone,DTH connection,Yes,Yes,Car,Wheat,7424033810
355,Cement,Soil/Mud,Other materials,House,Broken,5,Yellamma Chakali,Female,2,1,Hand pump,In premises,Electricity,Shared by community,Yes,Septic tank,Bathroom,LPG/PNG,Biogas,N/A,N/A,No,No,Bike,Rice and Vegetables,7735439627
356,Tiles/Bricks,Cement,Mud,Empty,Broken,0,N/A,N/A,1,0,Hand pump,In range of 500m,Electricity,Usage only for family,No,N/A,N/A,N/A,N/A,N/A,N/A,No,No,N/A,N/A,7314290018
357,Tiles/Bricks,Soil/Mud,Stone,Devotional Place,Non Livable,5,Venu Rathod,Male,3,0,Well,Community,Electricity,Usage only for family,Yes,Septic tank,N/A,LPG/PNG,Wood,Smartphone,DTH connection,Yes,No,Bike,Ragi Mudde,9172131451
358,Soil/Mud,Tiles/Bricks,Mud,Empty,Broken,0,N/A,N/A,3,0,Well,In premises,Any oil,Shared by community,No,N/A,N/A,N/A,Wood,N/A,N/A,No,No,N/A,N/A,9421522655
359,Tiles/Bricks,Tiles/Bricks,Penkulu,House,Broken,7,Chandra Madiga,Male,4,2,Well,In premises,Kerosene,Shared by community,No,N/A,Bathroom,LPG/PNG,Electricity,Smartphone,DTH connection,No,No,Cycle,Idli and Rice,8247286333
360,Mosaic / Vitrified tiles,Cement,Concrete,Empty,Livable,0,N/A,N/A,2,0,Purified water,In premises,Electricity,Usage only for family,No,N/A,Bathroom,N/A,Wood,N/A,N/A,No,No,N/A,N/A,6928206678
361,Stones,Soil/Mud,Concrete,House,Livable,7,Aruna Chary,Female,2,1,Packaged water,In range of 500m,Electricity,Usage only for family,No,Rings,No roof,LPG/PNG,Electricity,Radio,Cable connection,No,No,Bike,Rice and Sambar,8034281139
362,Tiles/Bricks,Cement,Mud,Rent,Livable,1,Kiran Mudiraj,Male,2,0,Other sources,Community,Electricity,Usage only for family,Yes,N/A,No roof,N/A,Grass (dry),Smartphone,DTH connection,Yes,Yes,ATB,Wheat,6820967904
363,Mosaic / Vitrified tiles,Cement,Concrete,House,Livable,12,Ramana Vaddera,Male,2,1,Purified water,In range of 500m,Electricity,Shared by community,No,N/A,Bathroom,N/A,Wood,Smartphone,DTH connection,No,No,Bike,Rice,6297102481
364,Stones,Tiles/Bricks,Concrete,House,Livable,2,Srikanth Lambadi,Male,2,0,Hand pump,In range of 500m,Any other,Shared by community,Yes,N/A,N/A,N/A,Grass (dry),Smartphone,DTH connection,Yes,No,ATB,Rice and Dal,8516874090
365,Stones,Cement,Mud,House,Non Livable,5,Bharathi Nayak,Female,1,1,Packaged water,Community,Electricity,Usage only for family,Yes,N/A,Bathroom,LPG/PNG,Kerosene,N/A,Cable connection,No,Yes,Bike,Rice and Vegetables,7714708272
366,Mosaic / Vitrified tiles,Other materials,Asbestos Sheets,House,Livable,7,Priya Rathod,Female,3,0,Well,In premises,Solar power,Usage only for family,Yes,Septic tank,Bathroom,LPG/PNG,Cow dung cakes,N/A,Cable connection,No,No,Bike,Rice,9542356778
367,Soil/Mud,Cement,Concrete,House,Livable,7,Rani Uppara,Female,2,0,Well,In range of 500m,No sunlight,Shared by community,No,Septic tank,Bathroom,LPG/PNG,Kerosene,N/A,N/A,Yes,No,Car,Rice,9279103368
368,Stones,Stone-slab flooring,Asbestos Sheets,House,Livable,4,Susheela Mangali,Female,1,1,Well,In range of 500m,Electricity,Usage only for family,No,Septic tank,Bathroom,N/A,Grass (dry),N/A,N/A,No,No,Car,Rice,9646491111
369,Stones,Stone-slab flooring,Asbestos Sheets,House,Non Livable,10,Mahalakshmi Golla,Female,1,3,Lake,In range of 500m,Electricity,Shared by community,Yes,Septic tank,N/A,N/A,Wood,Smartphone,N/A,Yes,No,N/A,Rice and Dal,8384444630
370,Stone-slab flooring,Mosaic / Vitrified tiles,Other materials,House,Livable,6,Vasantha Rao,Female,3,2,Well,In range of 500m,Electricity,Shared by community,No,N/A,No roof,LPG/PNG,Solar cooker,N/A,N/A,Yes,No,Bike,Rice,7819648253
371,Stones,Soil/Mud,Asbestos Sheets,House,Non Livable,3,Suresh Uppara,Male,1,0,Other sources,Community,Solar power,Usage only for family,No,Septic tank,Bathroom,N/A,Cow dung cakes,N/A,DTH connection,No,Yes,Cycle,Rice,6179112442
372,Cement,Soil/Mud,Penkulu,Empty,Livable,0,N/A,N/A,1,0,Other sources,In premises,Kerosene,Usage only for family,Yes,N/A,N/A,N/A,Wood,N/A,N/A,No,No,N/A,N/A,6808823513
373,Cement,Mosaic / Vitrified tiles,Concrete,House,Livable,2,Gopal Patil,Male,2,0,Other sources,In range of 500m,Electricity,Usage only for family,No,Rings,N/A,LPG/PNG,Biogas,Smartphone,DTH connection,Yes,No,Bike,Rice and Dal,8591966395
374,Tiles/Bricks,Stones,Asbestos Sheets,House,Non Livable,9,Bhaskar Kumar,Male,5,2,Other sources,Community,Electricity,Usage only for family,No,Septic tank,Bathroom,LPG/PNG,Electricity,Smartphone,DTH connection,Yes,Yes,ATB,Rice and Fish,7795381649
375,Mosaic / Vitrified tiles,Stones,Concrete,Rent,Livable,11,Mahesh Yadav,Male,5,0,Well,In premises,Electricity,Walkable distance,Yes,N/A,Bathroom,LPG/PNG,Electricity,Smartphone,Cable connection,Yes,Yes,ATB,Rice and Curry,6742608805
376,Tiles/Bricks,Tiles/Bricks,Polythene,House,Non Livable,12,Sunitha Erukala,Female,3,2,Packaged water,Community,Electricity,Usage only for family,No,Rings,No roof,N/A,Kerosene,N/A,DTH connection,Yes,No,Cycle,Wheat Roti and Sabzi,9321358004
377,Cement,Mosaic / Vitrified tiles,Asbestos Sheets,House,Livable,5,Padma Singh,Female,3,1,Purified water,In premises,Electricity,Usage only for family,No,N/A,N/A,N/A,Grass (dry),Smartphone,Cable connection,Yes,No,ATB,Rice and Pickle,8731441583
378,Tiles/Bricks,Mosaic / Vitrified tiles,Stone,House,Livable,4,Parvathi Kumar,Female,3,0,Purified water,In premises,Electricity,Shared by community,No,N/A,Bathroom,LPG/PNG,Electricity,Smartphone,DTH connection,No,No,N/A,Roti and Dal,9314624912
379,Tiles/Bricks,Stone-slab flooring,Penkulu,House,Non Livable,3,Manoj Singh,Male,1,1,Purified water,Community,Electricity,Usage only for family,Yes,Septic tank,Bathroom,LPG/PNG,Electricity,Radio,N/A,No,No,Bike,Wheat,9861031310
380,Cement,Stones,Concrete,House,Livable,5,Ramadevi Kapu,Female,3,1,Well,In range of 500m,Kerosene,Usage only for family,Yes,Septic tank,No roof,N/A,Wood,Radio,N/A,Yes,No,N/A,Rice and Curry,7251225720
381,Other materials,Stones,Penkulu,House,Broken,3,Aruna Madiga,Female,2,0,Well,In premises,Solar power,Shared by community,No,N/A,Bathroom,LPG/PNG,Kerosene,Radio,N/A,No,No,N/A,Wheat,9457054589
382,Cement,Tiles/Bricks,Concrete,Shop,Livable,7,Dinesh Budiga,Male,2,0,Well,Community,Any other,Usage only for family,No,Septic tank,N/A,LPG/PNG,Biogas,N/A,N/A,No,No,Car,Wheat,8569644309
383,Other materials,Cement,Concrete,House,Livable,6,Deepak Singh,Male,1,2,Hand pump,In premises,Any other,Shared by community,No,Septic tank,Bathroom,N/A,Wood,Radio,Other,No,No,Bike,Jowar Roti,6042548821
384,Tiles/Bricks,Tiles/Bricks,Asbestos Sheets,Empty,Broken,0,N/A,N/A,1,0,Hand pump,In premises,Any other,Usage only for family,No,N/A,Bathroom,N/A,Wood,N/A,N/A,No,No,N/A,N/A,6287585756
385,Tiles/Bricks,Tiles/Bricks,Other materials,Empty,Livable,0,N/A,N/A,2,0,Packaged water,Community,Electricity,Shared by community,Yes,N/A,Bathroom,N/A,N/A,N/A,N/A,No,No,N/A,N/A,6980382872
386,Soil/Mud,Tiles/Bricks,Concrete,School,Livable,4,Kiran Reddy,Male,1,0,Hand pump,In premises,Electricity,Usage only for family,Yes,Septic tank,N/A,LPG/PNG,Electricity,Smartphone,Other,Yes,Yes,Car,Rice and Dal,6620223288
387,Cement,Stones,Concrete,House,Livable,10,Venu Balija,Male,3,3,Purified water,In premises,Electricity,Usage only for family,Yes,Rings,Bathroom,LPG/PNG,Solar cooker,N/A,Doordarshan,No,No,Bike,Rice and Fish,8025883586
388,Tiles/Bricks,Mosaic / Vitrified tiles,Asbestos Sheets,House,Livable,6,Naveen Goud,Male,2,2,Well,In range of 500m,Electricity,Usage only for family,Yes,Rings,No roof,N/A,Cow dung cakes,Smartphone,DTH connection,Yes,No,Bike,Rice and Vegetables,9100231177
389,Other materials,Mosaic / Vitrified tiles,Polythene,House,Non Livable,12,Ganesh Padmashali,Male,7,3,Well,In premises,Kerosene,Usage only for family,Yes,Rings,Bathroom,LPG/PNG,Kerosene,Smartphone,Cable connection,Yes,No,Bike,Roti and Dal,8332683190
390,Stones,Cement,Penkulu,House,Non Livable,1,Laxmamma Yadav,Female,2,0,River,In range of 500m,Kerosene,Shared by community,Yes,Septic tank,N/A,LPG/PNG,Electricity,N/A,N/A,No,No,N/A,Millets,7841173098
391,Stones,Mosaic / Vitrified tiles,Burnt Bricks,Empty,Livable,0,N/A,N/A,3,0,Well,Community,Electricity,Shared by community,No,N/A,No roof,N/A,N/A,N/A,N/A,No,No,N/A,N/A,6516991872
392,Soil/Mud,Soil/Mud,Concrete,House,Livable,8,Prasad Jangam,Male,2,2,Packaged water,Community,Solar power,Shared by community,No,Rings,Bathroom,N/A,Cow dung cakes,Smartphone,DTH connection,Yes,No,N/A,Wheat Roti and Sabzi,8535603319
393,Soil/Mud,Soil/Mud,Polythene,Empty,Broken,0,N/A,N/A,3,0,Hand pump,In premises,Electricity,Shared by community,Yes,N/A,Bathroom,N/A,Wood,N/A,N/A,No,No,N/A,N/A,6056974132
394,Stones,Stones,Penkulu,House,Non Livable,3,Parvathi Singh,Female,1,0,Purified water,Community,Electricity,Usage only for family,Yes,N/A,Bathroom,LPG/PNG,Solar cooker,Smartphone,DTH connection,No,No,Bike,Rice and Dal,6408509549
395,Mosaic / Vitrified tiles,Mosaic / Vitrified tiles,Concrete,Shop,Livable,7,Suresh Madiga,Male,6,0,Hand pump,In range of 500m,No sunlight,Usage only for family,No,Rings,Bathroom,N/A,Cow dung cakes,Smartphone,Cable connection,No,No,N/A,Wheat,8138459609
396,Tiles/Bricks,Stones,Asbestos Sheets,School,Non Livable,1,Dinesh Munnuru,Male,1,0,Packaged water,In premises,Electricity,Usage only for family,Yes,Septic tank,No roof,LPG/PNG,Electricity,Smartphone,N/A,Yes,No,N/A,Rice and Dal,8447232290
397,Soil/Mud,Cement,Penkulu,House,Livable,8,Nagaraj Rao,Male,3,2,River,In premises,Electricity,Shared by community,No,Septic tank,No roof,LPG/PNG,Electricity,Radio,Cable connection,No,No,Bike,Chapati,9164205955
398,Soil/Mud,Soil/Mud,Burnt Bricks,House,Broken,3,Pochamma Chakali,Female,1,1,Purified water,In premises,Electricity,Shared by community,No,N/A,No roof,N/A,Wood,Smartphone,DTH connection,Yes,No,ATB,Khichdi,7989868180
399,Mosaic / Vitrified tiles,Tiles/Bricks,Concrete,Rent,Livable,4,Laxmamma Budiga,Female,2,1,Other sources,In premises,Electricity,Walkable distance,No,Septic tank,N/A,LPG/PNG,Cow dung cakes,Smartphone,DTH connection,Yes,No,Bike,Rice and Sambar,7928369294
400,Cement,Mosaic / Vitrified tiles,Stone,House,Livable,9,Swathi Lambadi,Female,5,1,Purified water,Community,Electricity,Usage only for family,No,Rings,Bathroom,LPG/PNG,Biogas,N/A,Doordarshan,Yes,Yes,Car,Millets,9652683415
